 
****************************************
Report : timing
        -path full
        -delay min
        -max_paths 30
Design : cpu_interface
Version: S-2021.06-SP4
Date   : Fri Sep 25 09:46:28 2026
****************************************

 # A fanout number of 1000 was used for high fanout net computations.

Operating Conditions: ss0p75v25c   Library: saed32lvt_ss0p75v25c
Wire Load Model Mode: enclosed

  Startpoint: u_cache/refill_req_count_reg[1]
              (rising edge-triggered flip-flop clocked by fast_clk)
  Endpoint: u_cache/refill_req_count_reg[1]
            (rising edge-triggered flip-flop clocked by fast_clk)
  Path Group: fast_clk
  Path Type: min

  Des/Clust/Port     Wire Load Model       Library
  ------------------------------------------------
  cpu_interface      70000                 saed32lvt_ss0p75v25c
  cache_ADDR_WIDTH14_DATA_WIDTH32_CACHE_LINES8_WORDS_PER4
                     16000                 saed32lvt_ss0p75v25c

  Point                                                   Incr       Path
  --------------------------------------------------------------------------
  clock fast_clk (rise edge)                              0.00       0.00
  clock network delay (ideal)                             0.00       0.00
  u_cache/refill_req_count_reg[1]/CLK (DFFARX1_LVT)       0.00 #     0.00 r
  u_cache/refill_req_count_reg[1]/QN (DFFARX1_LVT)        0.12       0.12 f
  u_cache/U1093/Y (AO22X1_LVT)                            0.07       0.19 f
  u_cache/refill_req_count_reg[1]/D (DFFARX1_LVT)         0.00       0.19 f
  data arrival time                                                  0.19

  clock fast_clk (rise edge)                              0.00       0.00
  clock network delay (ideal)                             0.00       0.00
  clock uncertainty                                       0.13       0.13
  u_cache/refill_req_count_reg[1]/CLK (DFFARX1_LVT)       0.00       0.13 r
  library hold time                                      -0.03       0.10
  data required time                                                 0.10
  --------------------------------------------------------------------------
  data required time                                                 0.10
  data arrival time                                                 -0.19
  --------------------------------------------------------------------------
  slack (MET)                                                        0.09


  Startpoint: u_response_fifo/sync_w/q_reg[0][2]
              (rising edge-triggered flip-flop clocked by fast_clk)
  Endpoint: u_response_fifo/sync_w/q_reg[1][2]
            (rising edge-triggered flip-flop clocked by fast_clk)
  Path Group: fast_clk
  Path Type: min

  Des/Clust/Port     Wire Load Model       Library
  ------------------------------------------------
  cpu_interface      70000                 saed32lvt_ss0p75v25c

  Point                                                   Incr       Path
  --------------------------------------------------------------------------
  clock fast_clk (rise edge)                              0.00       0.00
  clock network delay (ideal)                             0.00       0.00
  u_response_fifo/sync_w/q_reg[0][2]/CLK (DFFARX1_LVT)
                                                          0.00 #     0.00 r
  u_response_fifo/sync_w/q_reg[0][2]/Q (DFFARX1_LVT)      0.19       0.19 f
  u_response_fifo/sync_w/q_reg[1][2]/D (DFFARX1_LVT)      0.00       0.19 f
  data arrival time                                                  0.19

  clock fast_clk (rise edge)                              0.00       0.00
  clock network delay (ideal)                             0.00       0.00
  clock uncertainty                                       0.13       0.13
  u_response_fifo/sync_w/q_reg[1][2]/CLK (DFFARX1_LVT)
                                                          0.00       0.13 r
  library hold time                                      -0.03       0.10
  data required time                                                 0.10
  --------------------------------------------------------------------------
  data required time                                                 0.10
  data arrival time                                                 -0.19
  --------------------------------------------------------------------------
  slack (MET)                                                        0.09


  Startpoint: u_response_fifo/sync_w/q_reg[0][1]
              (rising edge-triggered flip-flop clocked by fast_clk)
  Endpoint: u_response_fifo/sync_w/q_reg[1][1]
            (rising edge-triggered flip-flop clocked by fast_clk)
  Path Group: fast_clk
  Path Type: min

  Des/Clust/Port     Wire Load Model       Library
  ------------------------------------------------
  cpu_interface      70000                 saed32lvt_ss0p75v25c

  Point                                                   Incr       Path
  --------------------------------------------------------------------------
  clock fast_clk (rise edge)                              0.00       0.00
  clock network delay (ideal)                             0.00       0.00
  u_response_fifo/sync_w/q_reg[0][1]/CLK (DFFARX1_LVT)
                                                          0.00 #     0.00 r
  u_response_fifo/sync_w/q_reg[0][1]/Q (DFFARX1_LVT)      0.19       0.19 f
  u_response_fifo/sync_w/q_reg[1][1]/D (DFFARX1_LVT)      0.00       0.19 f
  data arrival time                                                  0.19

  clock fast_clk (rise edge)                              0.00       0.00
  clock network delay (ideal)                             0.00       0.00
  clock uncertainty                                       0.13       0.13
  u_response_fifo/sync_w/q_reg[1][1]/CLK (DFFARX1_LVT)
                                                          0.00       0.13 r
  library hold time                                      -0.03       0.10
  data required time                                                 0.10
  --------------------------------------------------------------------------
  data required time                                                 0.10
  data arrival time                                                 -0.19
  --------------------------------------------------------------------------
  slack (MET)                                                        0.09


  Startpoint: u_response_fifo/sync_w/q_reg[0][0]
              (rising edge-triggered flip-flop clocked by fast_clk)
  Endpoint: u_response_fifo/sync_w/q_reg[1][0]
            (rising edge-triggered flip-flop clocked by fast_clk)
  Path Group: fast_clk
  Path Type: min

  Des/Clust/Port     Wire Load Model       Library
  ------------------------------------------------
  cpu_interface      70000                 saed32lvt_ss0p75v25c

  Point                                                   Incr       Path
  --------------------------------------------------------------------------
  clock fast_clk (rise edge)                              0.00       0.00
  clock network delay (ideal)                             0.00       0.00
  u_response_fifo/sync_w/q_reg[0][0]/CLK (DFFARX1_LVT)
                                                          0.00 #     0.00 r
  u_response_fifo/sync_w/q_reg[0][0]/Q (DFFARX1_LVT)      0.19       0.19 f
  u_response_fifo/sync_w/q_reg[1][0]/D (DFFARX1_LVT)      0.00       0.19 f
  data arrival time                                                  0.19

  clock fast_clk (rise edge)                              0.00       0.00
  clock network delay (ideal)                             0.00       0.00
  clock uncertainty                                       0.13       0.13
  u_response_fifo/sync_w/q_reg[1][0]/CLK (DFFARX1_LVT)
                                                          0.00       0.13 r
  library hold time                                      -0.03       0.10
  data required time                                                 0.10
  --------------------------------------------------------------------------
  data required time                                                 0.10
  data arrival time                                                 -0.19
  --------------------------------------------------------------------------
  slack (MET)                                                        0.09


  Startpoint: u_request_fifo/sync_r/q_reg[0][2]
              (rising edge-triggered flip-flop clocked by fast_clk)
  Endpoint: u_request_fifo/sync_r/q_reg[1][2]
            (rising edge-triggered flip-flop clocked by fast_clk)
  Path Group: fast_clk
  Path Type: min

  Des/Clust/Port     Wire Load Model       Library
  ------------------------------------------------
  cpu_interface      70000                 saed32lvt_ss0p75v25c

  Point                                                   Incr       Path
  --------------------------------------------------------------------------
  clock fast_clk (rise edge)                              0.00       0.00
  clock network delay (ideal)                             0.00       0.00
  u_request_fifo/sync_r/q_reg[0][2]/CLK (DFFARX1_LVT)     0.00 #     0.00 r
  u_request_fifo/sync_r/q_reg[0][2]/Q (DFFARX1_LVT)       0.19       0.19 f
  u_request_fifo/sync_r/q_reg[1][2]/D (DFFARX1_LVT)       0.00       0.19 f
  data arrival time                                                  0.19

  clock fast_clk (rise edge)                              0.00       0.00
  clock network delay (ideal)                             0.00       0.00
  clock uncertainty                                       0.13       0.13
  u_request_fifo/sync_r/q_reg[1][2]/CLK (DFFARX1_LVT)     0.00       0.13 r
  library hold time                                      -0.03       0.10
  data required time                                                 0.10
  --------------------------------------------------------------------------
  data required time                                                 0.10
  data arrival time                                                 -0.19
  --------------------------------------------------------------------------
  slack (MET)                                                        0.09


  Startpoint: u_request_fifo/sync_r/q_reg[0][0]
              (rising edge-triggered flip-flop clocked by fast_clk)
  Endpoint: u_request_fifo/sync_r/q_reg[1][0]
            (rising edge-triggered flip-flop clocked by fast_clk)
  Path Group: fast_clk
  Path Type: min

  Des/Clust/Port     Wire Load Model       Library
  ------------------------------------------------
  cpu_interface      70000                 saed32lvt_ss0p75v25c

  Point                                                   Incr       Path
  --------------------------------------------------------------------------
  clock fast_clk (rise edge)                              0.00       0.00
  clock network delay (ideal)                             0.00       0.00
  u_request_fifo/sync_r/q_reg[0][0]/CLK (DFFARX1_LVT)     0.00 #     0.00 r
  u_request_fifo/sync_r/q_reg[0][0]/Q (DFFARX1_LVT)       0.19       0.19 f
  u_request_fifo/sync_r/q_reg[1][0]/D (DFFARX1_LVT)       0.00       0.19 f
  data arrival time                                                  0.19

  clock fast_clk (rise edge)                              0.00       0.00
  clock network delay (ideal)                             0.00       0.00
  clock uncertainty                                       0.13       0.13
  u_request_fifo/sync_r/q_reg[1][0]/CLK (DFFARX1_LVT)     0.00       0.13 r
  library hold time                                      -0.03       0.10
  data required time                                                 0.10
  --------------------------------------------------------------------------
  data required time                                                 0.10
  data arrival time                                                 -0.19
  --------------------------------------------------------------------------
  slack (MET)                                                        0.09


  Startpoint: u_request_fifo/sync_r/q_reg[0][1]
              (rising edge-triggered flip-flop clocked by fast_clk)
  Endpoint: u_request_fifo/sync_r/q_reg[1][1]
            (rising edge-triggered flip-flop clocked by fast_clk)
  Path Group: fast_clk
  Path Type: min

  Des/Clust/Port     Wire Load Model       Library
  ------------------------------------------------
  cpu_interface      70000                 saed32lvt_ss0p75v25c

  Point                                                   Incr       Path
  --------------------------------------------------------------------------
  clock fast_clk (rise edge)                              0.00       0.00
  clock network delay (ideal)                             0.00       0.00
  u_request_fifo/sync_r/q_reg[0][1]/CLK (DFFARX1_LVT)     0.00 #     0.00 r
  u_request_fifo/sync_r/q_reg[0][1]/Q (DFFARX1_LVT)       0.19       0.19 f
  u_request_fifo/sync_r/q_reg[1][1]/D (DFFARX1_LVT)       0.00       0.19 f
  data arrival time                                                  0.19

  clock fast_clk (rise edge)                              0.00       0.00
  clock network delay (ideal)                             0.00       0.00
  clock uncertainty                                       0.13       0.13
  u_request_fifo/sync_r/q_reg[1][1]/CLK (DFFARX1_LVT)     0.00       0.13 r
  library hold time                                      -0.03       0.10
  data required time                                                 0.10
  --------------------------------------------------------------------------
  data required time                                                 0.10
  data arrival time                                                 -0.19
  --------------------------------------------------------------------------
  slack (MET)                                                        0.09


  Startpoint: u_request_fifo/w1/w_ptr_reg[2]
              (rising edge-triggered flip-flop clocked by fast_clk)
  Endpoint: u_request_fifo/w1/w_ptr_reg[2]
            (rising edge-triggered flip-flop clocked by fast_clk)
  Path Group: fast_clk
  Path Type: min

  Des/Clust/Port     Wire Load Model       Library
  ------------------------------------------------
  cpu_interface      70000                 saed32lvt_ss0p75v25c

  Point                                                   Incr       Path
  --------------------------------------------------------------------------
  clock fast_clk (rise edge)                              0.00       0.00
  clock network delay (ideal)                             0.00       0.00
  u_request_fifo/w1/w_ptr_reg[2]/CLK (DFFARX1_LVT)        0.00 #     0.00 r
  u_request_fifo/w1/w_ptr_reg[2]/QN (DFFARX1_LVT)         0.12       0.12 f
  U1177/Y (AO22X1_LVT)                                    0.08       0.20 f
  u_request_fifo/w1/w_ptr_reg[2]/D (DFFARX1_LVT)          0.00       0.20 f
  data arrival time                                                  0.20

  clock fast_clk (rise edge)                              0.00       0.00
  clock network delay (ideal)                             0.00       0.00
  clock uncertainty                                       0.13       0.13
  u_request_fifo/w1/w_ptr_reg[2]/CLK (DFFARX1_LVT)        0.00       0.13 r
  library hold time                                      -0.03       0.10
  data required time                                                 0.10
  --------------------------------------------------------------------------
  data required time                                                 0.10
  data arrival time                                                 -0.20
  --------------------------------------------------------------------------
  slack (MET)                                                        0.10


  Startpoint: u_response_fifo/r1/r_ptr_reg[2]
              (rising edge-triggered flip-flop clocked by fast_clk)
  Endpoint: u_response_fifo/r_ptr_gray_reg_reg[2]
            (rising edge-triggered flip-flop clocked by fast_clk)
  Path Group: fast_clk
  Path Type: min

  Des/Clust/Port     Wire Load Model       Library
  ------------------------------------------------
  cpu_interface      70000                 saed32lvt_ss0p75v25c

  Point                                                   Incr       Path
  --------------------------------------------------------------------------
  clock fast_clk (rise edge)                              0.00       0.00
  clock network delay (ideal)                             0.00       0.00
  u_response_fifo/r1/r_ptr_reg[2]/CLK (DFFARX1_LVT)       0.00 #     0.00 r
  u_response_fifo/r1/r_ptr_reg[2]/Q (DFFARX1_LVT)         0.20       0.20 f
  u_response_fifo/r_ptr_gray_reg_reg[2]/D (DFFARX1_LVT)
                                                          0.00       0.20 f
  data arrival time                                                  0.20

  clock fast_clk (rise edge)                              0.00       0.00
  clock network delay (ideal)                             0.00       0.00
  clock uncertainty                                       0.13       0.13
  u_response_fifo/r_ptr_gray_reg_reg[2]/CLK (DFFARX1_LVT)
                                                          0.00       0.13 r
  library hold time                                      -0.04       0.10
  data required time                                                 0.10
  --------------------------------------------------------------------------
  data required time                                                 0.10
  data arrival time                                                 -0.20
  --------------------------------------------------------------------------
  slack (MET)                                                        0.10


  Startpoint: u_cache/refill_resp_count_reg[1]
              (rising edge-triggered flip-flop clocked by fast_clk)
  Endpoint: u_cache/refill_resp_count_reg[1]
            (rising edge-triggered flip-flop clocked by fast_clk)
  Path Group: fast_clk
  Path Type: min

  Des/Clust/Port     Wire Load Model       Library
  ------------------------------------------------
  cpu_interface      70000                 saed32lvt_ss0p75v25c
  cache_ADDR_WIDTH14_DATA_WIDTH32_CACHE_LINES8_WORDS_PER4
                     16000                 saed32lvt_ss0p75v25c

  Point                                                   Incr       Path
  --------------------------------------------------------------------------
  clock fast_clk (rise edge)                              0.00       0.00
  clock network delay (ideal)                             0.00       0.00
  u_cache/refill_resp_count_reg[1]/CLK (DFFARX1_LVT)      0.00 #     0.00 r
  u_cache/refill_resp_count_reg[1]/QN (DFFARX1_LVT)       0.13       0.13 f
  u_cache/U1090/Y (AO22X1_LVT)                            0.08       0.21 f
  u_cache/refill_resp_count_reg[1]/D (DFFARX1_LVT)        0.00       0.21 f
  data arrival time                                                  0.21

  clock fast_clk (rise edge)                              0.00       0.00
  clock network delay (ideal)                             0.00       0.00
  clock uncertainty                                       0.13       0.13
  u_cache/refill_resp_count_reg[1]/CLK (DFFARX1_LVT)      0.00       0.13 r
  library hold time                                      -0.03       0.10
  data required time                                                 0.10
  --------------------------------------------------------------------------
  data required time                                                 0.10
  data arrival time                                                 -0.21
  --------------------------------------------------------------------------
  slack (MET)                                                        0.11


  Startpoint: u_response_fifo/r1/r_ptr_reg[2]
              (rising edge-triggered flip-flop clocked by fast_clk)
  Endpoint: u_response_fifo/r1/r_ptr_reg[2]
            (rising edge-triggered flip-flop clocked by fast_clk)
  Path Group: fast_clk
  Path Type: min

  Des/Clust/Port     Wire Load Model       Library
  ------------------------------------------------
  cpu_interface      70000                 saed32lvt_ss0p75v25c

  Point                                                   Incr       Path
  --------------------------------------------------------------------------
  clock fast_clk (rise edge)                              0.00       0.00
  clock network delay (ideal)                             0.00       0.00
  u_response_fifo/r1/r_ptr_reg[2]/CLK (DFFARX1_LVT)       0.00 #     0.00 r
  u_response_fifo/r1/r_ptr_reg[2]/QN (DFFARX1_LVT)        0.13       0.13 f
  U1159/Y (AO22X1_LVT)                                    0.08       0.22 f
  u_response_fifo/r1/r_ptr_reg[2]/D (DFFARX1_LVT)         0.00       0.22 f
  data arrival time                                                  0.22

  clock fast_clk (rise edge)                              0.00       0.00
  clock network delay (ideal)                             0.00       0.00
  clock uncertainty                                       0.13       0.13
  u_response_fifo/r1/r_ptr_reg[2]/CLK (DFFARX1_LVT)       0.00       0.13 r
  library hold time                                      -0.03       0.10
  data required time                                                 0.10
  --------------------------------------------------------------------------
  data required time                                                 0.10
  data arrival time                                                 -0.22
  --------------------------------------------------------------------------
  slack (MET)                                                        0.11


  Startpoint: u_request_fifo/w1/w_ptr_reg[2]
              (rising edge-triggered flip-flop clocked by fast_clk)
  Endpoint: u_request_fifo/w_ptr_gray_reg_reg[2]
            (rising edge-triggered flip-flop clocked by fast_clk)
  Path Group: fast_clk
  Path Type: min

  Des/Clust/Port     Wire Load Model       Library
  ------------------------------------------------
  cpu_interface      70000                 saed32lvt_ss0p75v25c

  Point                                                   Incr       Path
  --------------------------------------------------------------------------
  clock fast_clk (rise edge)                              0.00       0.00
  clock network delay (ideal)                             0.00       0.00
  u_request_fifo/w1/w_ptr_reg[2]/CLK (DFFARX1_LVT)        0.00 #     0.00 r
  u_request_fifo/w1/w_ptr_reg[2]/Q (DFFARX1_LVT)          0.21       0.21 f
  u_request_fifo/w_ptr_gray_reg_reg[2]/D (DFFARX1_LVT)
                                                          0.00       0.21 f
  data arrival time                                                  0.21

  clock fast_clk (rise edge)                              0.00       0.00
  clock network delay (ideal)                             0.00       0.00
  clock uncertainty                                       0.13       0.13
  u_request_fifo/w_ptr_gray_reg_reg[2]/CLK (DFFARX1_LVT)
                                                          0.00       0.13 r
  library hold time                                      -0.04       0.09
  data required time                                                 0.09
  --------------------------------------------------------------------------
  data required time                                                 0.09
  data arrival time                                                 -0.21
  --------------------------------------------------------------------------
  slack (MET)                                                        0.11


  Startpoint: u_cpu_core/present_state_reg[0]
              (rising edge-triggered flip-flop clocked by fast_clk)
  Endpoint: u_cpu_core/present_state_reg[0]
            (rising edge-triggered flip-flop clocked by fast_clk)
  Path Group: fast_clk
  Path Type: min

  Des/Clust/Port     Wire Load Model       Library
  ------------------------------------------------
  cpu_interface      70000                 saed32lvt_ss0p75v25c
  cpu_core_PROG_ADDR_WIDTH12_DATA_ADDR_WIDTH14_DATA_WIDTH32
                     35000                 saed32lvt_ss0p75v25c

  Point                                                   Incr       Path
  --------------------------------------------------------------------------
  clock fast_clk (rise edge)                              0.00       0.00
  clock network delay (ideal)                             0.00       0.00
  u_cpu_core/present_state_reg[0]/CLK (DFFARX1_LVT)       0.00 #     0.00 r
  u_cpu_core/present_state_reg[0]/QN (DFFARX1_LVT)        0.13       0.13 f
  u_cpu_core/U2920/Y (OA21X1_LVT)                         0.10       0.23 f
  u_cpu_core/present_state_reg[0]/D (DFFARX1_LVT)         0.00       0.23 f
  data arrival time                                                  0.23

  clock fast_clk (rise edge)                              0.00       0.00
  clock network delay (ideal)                             0.00       0.00
  clock uncertainty                                       0.13       0.13
  u_cpu_core/present_state_reg[0]/CLK (DFFARX1_LVT)       0.00       0.13 r
  library hold time                                      -0.03       0.10
  data required time                                                 0.10
  --------------------------------------------------------------------------
  data required time                                                 0.10
  data arrival time                                                 -0.23
  --------------------------------------------------------------------------
  slack (MET)                                                        0.13


  Startpoint: u_cpu_core/pc_reg[3]
              (rising edge-triggered flip-flop clocked by fast_clk)
  Endpoint: u_cpu_core/pc_reg[3]
            (rising edge-triggered flip-flop clocked by fast_clk)
  Path Group: fast_clk
  Path Type: min

  Des/Clust/Port     Wire Load Model       Library
  ------------------------------------------------
  cpu_interface      70000                 saed32lvt_ss0p75v25c
  cpu_core_PROG_ADDR_WIDTH12_DATA_ADDR_WIDTH14_DATA_WIDTH32
                     35000                 saed32lvt_ss0p75v25c

  Point                                                   Incr       Path
  --------------------------------------------------------------------------
  clock fast_clk (rise edge)                              0.00       0.00
  clock network delay (ideal)                             0.00       0.00
  u_cpu_core/pc_reg[3]/CLK (DFFARX1_LVT)                  0.00 #     0.00 r
  u_cpu_core/pc_reg[3]/QN (DFFARX1_LVT)                   0.15       0.15 r
  u_cpu_core/U4858/Y (OAI22X1_LVT)                        0.10       0.25 f
  u_cpu_core/pc_reg[3]/D (DFFARX1_LVT)                    0.00       0.25 f
  data arrival time                                                  0.25

  clock fast_clk (rise edge)                              0.00       0.00
  clock network delay (ideal)                             0.00       0.00
  clock uncertainty                                       0.13       0.13
  u_cpu_core/pc_reg[3]/CLK (DFFARX1_LVT)                  0.00       0.13 r
  library hold time                                      -0.03       0.11
  data required time                                                 0.11
  --------------------------------------------------------------------------
  data required time                                                 0.11
  data arrival time                                                 -0.25
  --------------------------------------------------------------------------
  slack (MET)                                                        0.14


  Startpoint: u_cpu_core/pc_reg[4]
              (rising edge-triggered flip-flop clocked by fast_clk)
  Endpoint: u_cpu_core/pc_reg[4]
            (rising edge-triggered flip-flop clocked by fast_clk)
  Path Group: fast_clk
  Path Type: min

  Des/Clust/Port     Wire Load Model       Library
  ------------------------------------------------
  cpu_interface      70000                 saed32lvt_ss0p75v25c
  cpu_core_PROG_ADDR_WIDTH12_DATA_ADDR_WIDTH14_DATA_WIDTH32
                     35000                 saed32lvt_ss0p75v25c

  Point                                                   Incr       Path
  --------------------------------------------------------------------------
  clock fast_clk (rise edge)                              0.00       0.00
  clock network delay (ideal)                             0.00       0.00
  u_cpu_core/pc_reg[4]/CLK (DFFARX1_LVT)                  0.00 #     0.00 r
  u_cpu_core/pc_reg[4]/QN (DFFARX1_LVT)                   0.15       0.15 r
  u_cpu_core/U4863/Y (OAI22X1_LVT)                        0.10       0.25 f
  u_cpu_core/pc_reg[4]/D (DFFARX1_LVT)                    0.00       0.25 f
  data arrival time                                                  0.25

  clock fast_clk (rise edge)                              0.00       0.00
  clock network delay (ideal)                             0.00       0.00
  clock uncertainty                                       0.13       0.13
  u_cpu_core/pc_reg[4]/CLK (DFFARX1_LVT)                  0.00       0.13 r
  library hold time                                      -0.03       0.11
  data required time                                                 0.11
  --------------------------------------------------------------------------
  data required time                                                 0.11
  data arrival time                                                 -0.25
  --------------------------------------------------------------------------
  slack (MET)                                                        0.14


  Startpoint: u_cpu_core/pc_reg[5]
              (rising edge-triggered flip-flop clocked by fast_clk)
  Endpoint: u_cpu_core/pc_reg[5]
            (rising edge-triggered flip-flop clocked by fast_clk)
  Path Group: fast_clk
  Path Type: min

  Des/Clust/Port     Wire Load Model       Library
  ------------------------------------------------
  cpu_interface      70000                 saed32lvt_ss0p75v25c
  cpu_core_PROG_ADDR_WIDTH12_DATA_ADDR_WIDTH14_DATA_WIDTH32
                     35000                 saed32lvt_ss0p75v25c

  Point                                                   Incr       Path
  --------------------------------------------------------------------------
  clock fast_clk (rise edge)                              0.00       0.00
  clock network delay (ideal)                             0.00       0.00
  u_cpu_core/pc_reg[5]/CLK (DFFARX1_LVT)                  0.00 #     0.00 r
  u_cpu_core/pc_reg[5]/QN (DFFARX1_LVT)                   0.15       0.15 r
  u_cpu_core/U4869/Y (OAI22X1_LVT)                        0.10       0.25 f
  u_cpu_core/pc_reg[5]/D (DFFARX1_LVT)                    0.00       0.25 f
  data arrival time                                                  0.25

  clock fast_clk (rise edge)                              0.00       0.00
  clock network delay (ideal)                             0.00       0.00
  clock uncertainty                                       0.13       0.13
  u_cpu_core/pc_reg[5]/CLK (DFFARX1_LVT)                  0.00       0.13 r
  library hold time                                      -0.03       0.11
  data required time                                                 0.11
  --------------------------------------------------------------------------
  data required time                                                 0.11
  data arrival time                                                 -0.25
  --------------------------------------------------------------------------
  slack (MET)                                                        0.14


  Startpoint: u_cpu_core/pc_reg[10]
              (rising edge-triggered flip-flop clocked by fast_clk)
  Endpoint: u_cpu_core/pc_reg[10]
            (rising edge-triggered flip-flop clocked by fast_clk)
  Path Group: fast_clk
  Path Type: min

  Des/Clust/Port     Wire Load Model       Library
  ------------------------------------------------
  cpu_interface      70000                 saed32lvt_ss0p75v25c
  cpu_core_PROG_ADDR_WIDTH12_DATA_ADDR_WIDTH14_DATA_WIDTH32
                     35000                 saed32lvt_ss0p75v25c

  Point                                                   Incr       Path
  --------------------------------------------------------------------------
  clock fast_clk (rise edge)                              0.00       0.00
  clock network delay (ideal)                             0.00       0.00
  u_cpu_core/pc_reg[10]/CLK (DFFARX1_LVT)                 0.00 #     0.00 r
  u_cpu_core/pc_reg[10]/QN (DFFARX1_LVT)                  0.15       0.15 r
  u_cpu_core/U4894/Y (OAI22X1_LVT)                        0.10       0.25 f
  u_cpu_core/pc_reg[10]/D (DFFARX1_LVT)                   0.00       0.25 f
  data arrival time                                                  0.25

  clock fast_clk (rise edge)                              0.00       0.00
  clock network delay (ideal)                             0.00       0.00
  clock uncertainty                                       0.13       0.13
  u_cpu_core/pc_reg[10]/CLK (DFFARX1_LVT)                 0.00       0.13 r
  library hold time                                      -0.03       0.11
  data required time                                                 0.11
  --------------------------------------------------------------------------
  data required time                                                 0.11
  data arrival time                                                 -0.25
  --------------------------------------------------------------------------
  slack (MET)                                                        0.15


  Startpoint: u_request_fifo/w1/w_ptr_reg[2]
              (rising edge-triggered flip-flop clocked by fast_clk)
  Endpoint: u_request_fifo/w_ptr_gray_reg_reg[1]
            (rising edge-triggered flip-flop clocked by fast_clk)
  Path Group: fast_clk
  Path Type: min

  Des/Clust/Port     Wire Load Model       Library
  ------------------------------------------------
  cpu_interface      70000                 saed32lvt_ss0p75v25c

  Point                                                   Incr       Path
  --------------------------------------------------------------------------
  clock fast_clk (rise edge)                              0.00       0.00
  clock network delay (ideal)                             0.00       0.00
  u_request_fifo/w1/w_ptr_reg[2]/CLK (DFFARX1_LVT)        0.00 #     0.00 r
  u_request_fifo/w1/w_ptr_reg[2]/QN (DFFARX1_LVT)         0.15       0.15 r
  U796/Y (OA22X1_LVT)                                     0.08       0.23 r
  U797/Y (INVX0_LVT)                                      0.03       0.25 f
  u_request_fifo/w_ptr_gray_reg_reg[1]/D (DFFARX1_LVT)
                                                          0.00       0.25 f
  data arrival time                                                  0.25

  clock fast_clk (rise edge)                              0.00       0.00
  clock network delay (ideal)                             0.00       0.00
  clock uncertainty                                       0.13       0.13
  u_request_fifo/w_ptr_gray_reg_reg[1]/CLK (DFFARX1_LVT)
                                                          0.00       0.13 r
  library hold time                                      -0.03       0.11
  data required time                                                 0.11
  --------------------------------------------------------------------------
  data required time                                                 0.11
  data arrival time                                                 -0.25
  --------------------------------------------------------------------------
  slack (MET)                                                        0.15


  Startpoint: u_cpu_core/pc_reg[6]
              (rising edge-triggered flip-flop clocked by fast_clk)
  Endpoint: u_cpu_core/pc_reg[6]
            (rising edge-triggered flip-flop clocked by fast_clk)
  Path Group: fast_clk
  Path Type: min

  Des/Clust/Port     Wire Load Model       Library
  ------------------------------------------------
  cpu_interface      70000                 saed32lvt_ss0p75v25c
  cpu_core_PROG_ADDR_WIDTH12_DATA_ADDR_WIDTH14_DATA_WIDTH32
                     35000                 saed32lvt_ss0p75v25c

  Point                                                   Incr       Path
  --------------------------------------------------------------------------
  clock fast_clk (rise edge)                              0.00       0.00
  clock network delay (ideal)                             0.00       0.00
  u_cpu_core/pc_reg[6]/CLK (DFFARX1_LVT)                  0.00 #     0.00 r
  u_cpu_core/pc_reg[6]/QN (DFFARX1_LVT)                   0.15       0.15 r
  u_cpu_core/U4874/Y (OAI22X1_LVT)                        0.10       0.26 f
  u_cpu_core/pc_reg[6]/D (DFFARX1_LVT)                    0.00       0.26 f
  data arrival time                                                  0.26

  clock fast_clk (rise edge)                              0.00       0.00
  clock network delay (ideal)                             0.00       0.00
  clock uncertainty                                       0.13       0.13
  u_cpu_core/pc_reg[6]/CLK (DFFARX1_LVT)                  0.00       0.13 r
  library hold time                                      -0.03       0.11
  data required time                                                 0.11
  --------------------------------------------------------------------------
  data required time                                                 0.11
  data arrival time                                                 -0.26
  --------------------------------------------------------------------------
  slack (MET)                                                        0.15


  Startpoint: u_cpu_core/pc_reg[7]
              (rising edge-triggered flip-flop clocked by fast_clk)
  Endpoint: u_cpu_core/pc_reg[7]
            (rising edge-triggered flip-flop clocked by fast_clk)
  Path Group: fast_clk
  Path Type: min

  Des/Clust/Port     Wire Load Model       Library
  ------------------------------------------------
  cpu_interface      70000                 saed32lvt_ss0p75v25c
  cpu_core_PROG_ADDR_WIDTH12_DATA_ADDR_WIDTH14_DATA_WIDTH32
                     35000                 saed32lvt_ss0p75v25c

  Point                                                   Incr       Path
  --------------------------------------------------------------------------
  clock fast_clk (rise edge)                              0.00       0.00
  clock network delay (ideal)                             0.00       0.00
  u_cpu_core/pc_reg[7]/CLK (DFFARX1_LVT)                  0.00 #     0.00 r
  u_cpu_core/pc_reg[7]/QN (DFFARX1_LVT)                   0.15       0.15 r
  u_cpu_core/U4879/Y (OAI22X1_LVT)                        0.10       0.26 f
  u_cpu_core/pc_reg[7]/D (DFFARX1_LVT)                    0.00       0.26 f
  data arrival time                                                  0.26

  clock fast_clk (rise edge)                              0.00       0.00
  clock network delay (ideal)                             0.00       0.00
  clock uncertainty                                       0.13       0.13
  u_cpu_core/pc_reg[7]/CLK (DFFARX1_LVT)                  0.00       0.13 r
  library hold time                                      -0.03       0.11
  data required time                                                 0.11
  --------------------------------------------------------------------------
  data required time                                                 0.11
  data arrival time                                                 -0.26
  --------------------------------------------------------------------------
  slack (MET)                                                        0.15


  Startpoint: u_cpu_core/pc_reg[8]
              (rising edge-triggered flip-flop clocked by fast_clk)
  Endpoint: u_cpu_core/pc_reg[8]
            (rising edge-triggered flip-flop clocked by fast_clk)
  Path Group: fast_clk
  Path Type: min

  Des/Clust/Port     Wire Load Model       Library
  ------------------------------------------------
  cpu_interface      70000                 saed32lvt_ss0p75v25c
  cpu_core_PROG_ADDR_WIDTH12_DATA_ADDR_WIDTH14_DATA_WIDTH32
                     35000                 saed32lvt_ss0p75v25c

  Point                                                   Incr       Path
  --------------------------------------------------------------------------
  clock fast_clk (rise edge)                              0.00       0.00
  clock network delay (ideal)                             0.00       0.00
  u_cpu_core/pc_reg[8]/CLK (DFFARX1_LVT)                  0.00 #     0.00 r
  u_cpu_core/pc_reg[8]/QN (DFFARX1_LVT)                   0.15       0.15 r
  u_cpu_core/U4884/Y (OAI22X1_LVT)                        0.10       0.26 f
  u_cpu_core/pc_reg[8]/D (DFFARX1_LVT)                    0.00       0.26 f
  data arrival time                                                  0.26

  clock fast_clk (rise edge)                              0.00       0.00
  clock network delay (ideal)                             0.00       0.00
  clock uncertainty                                       0.13       0.13
  u_cpu_core/pc_reg[8]/CLK (DFFARX1_LVT)                  0.00       0.13 r
  library hold time                                      -0.03       0.11
  data required time                                                 0.11
  --------------------------------------------------------------------------
  data required time                                                 0.11
  data arrival time                                                 -0.26
  --------------------------------------------------------------------------
  slack (MET)                                                        0.15


  Startpoint: u_cpu_core/pc_reg[9]
              (rising edge-triggered flip-flop clocked by fast_clk)
  Endpoint: u_cpu_core/pc_reg[9]
            (rising edge-triggered flip-flop clocked by fast_clk)
  Path Group: fast_clk
  Path Type: min

  Des/Clust/Port     Wire Load Model       Library
  ------------------------------------------------
  cpu_interface      70000                 saed32lvt_ss0p75v25c
  cpu_core_PROG_ADDR_WIDTH12_DATA_ADDR_WIDTH14_DATA_WIDTH32
                     35000                 saed32lvt_ss0p75v25c

  Point                                                   Incr       Path
  --------------------------------------------------------------------------
  clock fast_clk (rise edge)                              0.00       0.00
  clock network delay (ideal)                             0.00       0.00
  u_cpu_core/pc_reg[9]/CLK (DFFARX1_LVT)                  0.00 #     0.00 r
  u_cpu_core/pc_reg[9]/QN (DFFARX1_LVT)                   0.15       0.15 r
  u_cpu_core/U4889/Y (OAI22X1_LVT)                        0.10       0.26 f
  u_cpu_core/pc_reg[9]/D (DFFARX1_LVT)                    0.00       0.26 f
  data arrival time                                                  0.26

  clock fast_clk (rise edge)                              0.00       0.00
  clock network delay (ideal)                             0.00       0.00
  clock uncertainty                                       0.13       0.13
  u_cpu_core/pc_reg[9]/CLK (DFFARX1_LVT)                  0.00       0.13 r
  library hold time                                      -0.03       0.11
  data required time                                                 0.11
  --------------------------------------------------------------------------
  data required time                                                 0.11
  data arrival time                                                 -0.26
  --------------------------------------------------------------------------
  slack (MET)                                                        0.15


  Startpoint: u_cache/data_array_reg[2][2][12]
              (rising edge-triggered flip-flop clocked by fast_clk)
  Endpoint: u_cache/data_array_reg[2][2][12]
            (rising edge-triggered flip-flop clocked by fast_clk)
  Path Group: fast_clk
  Path Type: min

  Des/Clust/Port     Wire Load Model       Library
  ------------------------------------------------
  cpu_interface      70000                 saed32lvt_ss0p75v25c
  cache_ADDR_WIDTH14_DATA_WIDTH32_CACHE_LINES8_WORDS_PER4
                     16000                 saed32lvt_ss0p75v25c

  Point                                                   Incr       Path
  --------------------------------------------------------------------------
  clock fast_clk (rise edge)                              0.00       0.00
  clock network delay (ideal)                             0.00       0.00
  u_cache/data_array_reg[2][2][12]/CLK (DFFX1_LVT)        0.00 #     0.00 r
  u_cache/data_array_reg[2][2][12]/Q (DFFX1_LVT)          0.18       0.18 f
  u_cache/U1910/Y (AO22X1_LVT)                            0.07       0.25 f
  u_cache/data_array_reg[2][2][12]/D (DFFX1_LVT)          0.00       0.25 f
  data arrival time                                                  0.25

  clock fast_clk (rise edge)                              0.00       0.00
  clock network delay (ideal)                             0.00       0.00
  clock uncertainty                                       0.13       0.13
  u_cache/data_array_reg[2][2][12]/CLK (DFFX1_LVT)        0.00       0.13 r
  library hold time                                      -0.03       0.10
  data required time                                                 0.10
  --------------------------------------------------------------------------
  data required time                                                 0.10
  data arrival time                                                 -0.25
  --------------------------------------------------------------------------
  slack (MET)                                                        0.15


  Startpoint: u_cache/data_array_reg[2][2][13]
              (rising edge-triggered flip-flop clocked by fast_clk)
  Endpoint: u_cache/data_array_reg[2][2][13]
            (rising edge-triggered flip-flop clocked by fast_clk)
  Path Group: fast_clk
  Path Type: min

  Des/Clust/Port     Wire Load Model       Library
  ------------------------------------------------
  cpu_interface      70000                 saed32lvt_ss0p75v25c
  cache_ADDR_WIDTH14_DATA_WIDTH32_CACHE_LINES8_WORDS_PER4
                     16000                 saed32lvt_ss0p75v25c

  Point                                                   Incr       Path
  --------------------------------------------------------------------------
  clock fast_clk (rise edge)                              0.00       0.00
  clock network delay (ideal)                             0.00       0.00
  u_cache/data_array_reg[2][2][13]/CLK (DFFX1_LVT)        0.00 #     0.00 r
  u_cache/data_array_reg[2][2][13]/Q (DFFX1_LVT)          0.18       0.18 f
  u_cache/U1911/Y (AO22X1_LVT)                            0.07       0.25 f
  u_cache/data_array_reg[2][2][13]/D (DFFX1_LVT)          0.00       0.25 f
  data arrival time                                                  0.25

  clock fast_clk (rise edge)                              0.00       0.00
  clock network delay (ideal)                             0.00       0.00
  clock uncertainty                                       0.13       0.13
  u_cache/data_array_reg[2][2][13]/CLK (DFFX1_LVT)        0.00       0.13 r
  library hold time                                      -0.03       0.10
  data required time                                                 0.10
  --------------------------------------------------------------------------
  data required time                                                 0.10
  data arrival time                                                 -0.25
  --------------------------------------------------------------------------
  slack (MET)                                                        0.15


  Startpoint: u_cache/data_array_reg[2][2][14]
              (rising edge-triggered flip-flop clocked by fast_clk)
  Endpoint: u_cache/data_array_reg[2][2][14]
            (rising edge-triggered flip-flop clocked by fast_clk)
  Path Group: fast_clk
  Path Type: min

  Des/Clust/Port     Wire Load Model       Library
  ------------------------------------------------
  cpu_interface      70000                 saed32lvt_ss0p75v25c
  cache_ADDR_WIDTH14_DATA_WIDTH32_CACHE_LINES8_WORDS_PER4
                     16000                 saed32lvt_ss0p75v25c

  Point                                                   Incr       Path
  --------------------------------------------------------------------------
  clock fast_clk (rise edge)                              0.00       0.00
  clock network delay (ideal)                             0.00       0.00
  u_cache/data_array_reg[2][2][14]/CLK (DFFX1_LVT)        0.00 #     0.00 r
  u_cache/data_array_reg[2][2][14]/Q (DFFX1_LVT)          0.18       0.18 f
  u_cache/U1912/Y (AO22X1_LVT)                            0.07       0.25 f
  u_cache/data_array_reg[2][2][14]/D (DFFX1_LVT)          0.00       0.25 f
  data arrival time                                                  0.25

  clock fast_clk (rise edge)                              0.00       0.00
  clock network delay (ideal)                             0.00       0.00
  clock uncertainty                                       0.13       0.13
  u_cache/data_array_reg[2][2][14]/CLK (DFFX1_LVT)        0.00       0.13 r
  library hold time                                      -0.03       0.10
  data required time                                                 0.10
  --------------------------------------------------------------------------
  data required time                                                 0.10
  data arrival time                                                 -0.25
  --------------------------------------------------------------------------
  slack (MET)                                                        0.15


  Startpoint: u_cache/data_array_reg[2][2][15]
              (rising edge-triggered flip-flop clocked by fast_clk)
  Endpoint: u_cache/data_array_reg[2][2][15]
            (rising edge-triggered flip-flop clocked by fast_clk)
  Path Group: fast_clk
  Path Type: min

  Des/Clust/Port     Wire Load Model       Library
  ------------------------------------------------
  cpu_interface      70000                 saed32lvt_ss0p75v25c
  cache_ADDR_WIDTH14_DATA_WIDTH32_CACHE_LINES8_WORDS_PER4
                     16000                 saed32lvt_ss0p75v25c

  Point                                                   Incr       Path
  --------------------------------------------------------------------------
  clock fast_clk (rise edge)                              0.00       0.00
  clock network delay (ideal)                             0.00       0.00
  u_cache/data_array_reg[2][2][15]/CLK (DFFX1_LVT)        0.00 #     0.00 r
  u_cache/data_array_reg[2][2][15]/Q (DFFX1_LVT)          0.18       0.18 f
  u_cache/U1913/Y (AO22X1_LVT)                            0.07       0.25 f
  u_cache/data_array_reg[2][2][15]/D (DFFX1_LVT)          0.00       0.25 f
  data arrival time                                                  0.25

  clock fast_clk (rise edge)                              0.00       0.00
  clock network delay (ideal)                             0.00       0.00
  clock uncertainty                                       0.13       0.13
  u_cache/data_array_reg[2][2][15]/CLK (DFFX1_LVT)        0.00       0.13 r
  library hold time                                      -0.03       0.10
  data required time                                                 0.10
  --------------------------------------------------------------------------
  data required time                                                 0.10
  data arrival time                                                 -0.25
  --------------------------------------------------------------------------
  slack (MET)                                                        0.15


  Startpoint: u_cache/data_array_reg[2][2][16]
              (rising edge-triggered flip-flop clocked by fast_clk)
  Endpoint: u_cache/data_array_reg[2][2][16]
            (rising edge-triggered flip-flop clocked by fast_clk)
  Path Group: fast_clk
  Path Type: min

  Des/Clust/Port     Wire Load Model       Library
  ------------------------------------------------
  cpu_interface      70000                 saed32lvt_ss0p75v25c
  cache_ADDR_WIDTH14_DATA_WIDTH32_CACHE_LINES8_WORDS_PER4
                     16000                 saed32lvt_ss0p75v25c

  Point                                                   Incr       Path
  --------------------------------------------------------------------------
  clock fast_clk (rise edge)                              0.00       0.00
  clock network delay (ideal)                             0.00       0.00
  u_cache/data_array_reg[2][2][16]/CLK (DFFX1_LVT)        0.00 #     0.00 r
  u_cache/data_array_reg[2][2][16]/Q (DFFX1_LVT)          0.18       0.18 f
  u_cache/U1914/Y (AO22X1_LVT)                            0.07       0.25 f
  u_cache/data_array_reg[2][2][16]/D (DFFX1_LVT)          0.00       0.25 f
  data arrival time                                                  0.25

  clock fast_clk (rise edge)                              0.00       0.00
  clock network delay (ideal)                             0.00       0.00
  clock uncertainty                                       0.13       0.13
  u_cache/data_array_reg[2][2][16]/CLK (DFFX1_LVT)        0.00       0.13 r
  library hold time                                      -0.03       0.10
  data required time                                                 0.10
  --------------------------------------------------------------------------
  data required time                                                 0.10
  data arrival time                                                 -0.25
  --------------------------------------------------------------------------
  slack (MET)                                                        0.15


  Startpoint: u_cache/data_array_reg[2][2][17]
              (rising edge-triggered flip-flop clocked by fast_clk)
  Endpoint: u_cache/data_array_reg[2][2][17]
            (rising edge-triggered flip-flop clocked by fast_clk)
  Path Group: fast_clk
  Path Type: min

  Des/Clust/Port     Wire Load Model       Library
  ------------------------------------------------
  cpu_interface      70000                 saed32lvt_ss0p75v25c
  cache_ADDR_WIDTH14_DATA_WIDTH32_CACHE_LINES8_WORDS_PER4
                     16000                 saed32lvt_ss0p75v25c

  Point                                                   Incr       Path
  --------------------------------------------------------------------------
  clock fast_clk (rise edge)                              0.00       0.00
  clock network delay (ideal)                             0.00       0.00
  u_cache/data_array_reg[2][2][17]/CLK (DFFX1_LVT)        0.00 #     0.00 r
  u_cache/data_array_reg[2][2][17]/Q (DFFX1_LVT)          0.18       0.18 f
  u_cache/U1915/Y (AO22X1_LVT)                            0.07       0.25 f
  u_cache/data_array_reg[2][2][17]/D (DFFX1_LVT)          0.00       0.25 f
  data arrival time                                                  0.25

  clock fast_clk (rise edge)                              0.00       0.00
  clock network delay (ideal)                             0.00       0.00
  clock uncertainty                                       0.13       0.13
  u_cache/data_array_reg[2][2][17]/CLK (DFFX1_LVT)        0.00       0.13 r
  library hold time                                      -0.03       0.10
  data required time                                                 0.10
  --------------------------------------------------------------------------
  data required time                                                 0.10
  data arrival time                                                 -0.25
  --------------------------------------------------------------------------
  slack (MET)                                                        0.15


  Startpoint: u_cache/data_array_reg[2][2][18]
              (rising edge-triggered flip-flop clocked by fast_clk)
  Endpoint: u_cache/data_array_reg[2][2][18]
            (rising edge-triggered flip-flop clocked by fast_clk)
  Path Group: fast_clk
  Path Type: min

  Des/Clust/Port     Wire Load Model       Library
  ------------------------------------------------
  cpu_interface      70000                 saed32lvt_ss0p75v25c
  cache_ADDR_WIDTH14_DATA_WIDTH32_CACHE_LINES8_WORDS_PER4
                     16000                 saed32lvt_ss0p75v25c

  Point                                                   Incr       Path
  --------------------------------------------------------------------------
  clock fast_clk (rise edge)                              0.00       0.00
  clock network delay (ideal)                             0.00       0.00
  u_cache/data_array_reg[2][2][18]/CLK (DFFX1_LVT)        0.00 #     0.00 r
  u_cache/data_array_reg[2][2][18]/Q (DFFX1_LVT)          0.18       0.18 f
  u_cache/U1916/Y (AO22X1_LVT)                            0.07       0.25 f
  u_cache/data_array_reg[2][2][18]/D (DFFX1_LVT)          0.00       0.25 f
  data arrival time                                                  0.25

  clock fast_clk (rise edge)                              0.00       0.00
  clock network delay (ideal)                             0.00       0.00
  clock uncertainty                                       0.13       0.13
  u_cache/data_array_reg[2][2][18]/CLK (DFFX1_LVT)        0.00       0.13 r
  library hold time                                      -0.03       0.10
  data required time                                                 0.10
  --------------------------------------------------------------------------
  data required time                                                 0.10
  data arrival time                                                 -0.25
  --------------------------------------------------------------------------
  slack (MET)                                                        0.15


  Startpoint: u_cache/data_array_reg[2][2][19]
              (rising edge-triggered flip-flop clocked by fast_clk)
  Endpoint: u_cache/data_array_reg[2][2][19]
            (rising edge-triggered flip-flop clocked by fast_clk)
  Path Group: fast_clk
  Path Type: min

  Des/Clust/Port     Wire Load Model       Library
  ------------------------------------------------
  cpu_interface      70000                 saed32lvt_ss0p75v25c
  cache_ADDR_WIDTH14_DATA_WIDTH32_CACHE_LINES8_WORDS_PER4
                     16000                 saed32lvt_ss0p75v25c

  Point                                                   Incr       Path
  --------------------------------------------------------------------------
  clock fast_clk (rise edge)                              0.00       0.00
  clock network delay (ideal)                             0.00       0.00
  u_cache/data_array_reg[2][2][19]/CLK (DFFX1_LVT)        0.00 #     0.00 r
  u_cache/data_array_reg[2][2][19]/Q (DFFX1_LVT)          0.18       0.18 f
  u_cache/U1917/Y (AO22X1_LVT)                            0.07       0.25 f
  u_cache/data_array_reg[2][2][19]/D (DFFX1_LVT)          0.00       0.25 f
  data arrival time                                                  0.25

  clock fast_clk (rise edge)                              0.00       0.00
  clock network delay (ideal)                             0.00       0.00
  clock uncertainty                                       0.13       0.13
  u_cache/data_array_reg[2][2][19]/CLK (DFFX1_LVT)        0.00       0.13 r
  library hold time                                      -0.03       0.10
  data required time                                                 0.10
  --------------------------------------------------------------------------
  data required time                                                 0.10
  data arrival time                                                 -0.25
  --------------------------------------------------------------------------
  slack (MET)                                                        0.15


  Startpoint: u_response_fifo/sync_r/q_reg[0][2]
              (rising edge-triggered flip-flop clocked by slow_clk)
  Endpoint: u_response_fifo/sync_r/q_reg[1][2]
            (rising edge-triggered flip-flop clocked by slow_clk)
  Path Group: slow_clk
  Path Type: min

  Des/Clust/Port     Wire Load Model       Library
  ------------------------------------------------
  cpu_interface      70000                 saed32lvt_ss0p75v25c

  Point                                                   Incr       Path
  --------------------------------------------------------------------------
  clock slow_clk (rise edge)                              0.00       0.00
  clock network delay (ideal)                             0.00       0.00
  u_response_fifo/sync_r/q_reg[0][2]/CLK (DFFARX1_LVT)
                                                          0.00       0.00 r
  u_response_fifo/sync_r/q_reg[0][2]/Q (DFFARX1_LVT)      0.19       0.19 f
  u_response_fifo/sync_r/q_reg[1][2]/D (DFFARX1_LVT)      0.00       0.19 f
  data arrival time                                                  0.19

  clock slow_clk (rise edge)                              0.00       0.00
  clock network delay (ideal)                             0.00       0.00
  clock uncertainty                                       0.29       0.29
  u_response_fifo/sync_r/q_reg[1][2]/CLK (DFFARX1_LVT)
                                                          0.00       0.29 r
  library hold time                                      -0.03       0.25
  data required time                                                 0.25
  --------------------------------------------------------------------------
  data required time                                                 0.25
  data arrival time                                                 -0.19
  --------------------------------------------------------------------------
  slack (VIOLATED)                                                  -0.06


  Startpoint: u_response_fifo/sync_r/q_reg[0][1]
              (rising edge-triggered flip-flop clocked by slow_clk)
  Endpoint: u_response_fifo/sync_r/q_reg[1][1]
            (rising edge-triggered flip-flop clocked by slow_clk)
  Path Group: slow_clk
  Path Type: min

  Des/Clust/Port     Wire Load Model       Library
  ------------------------------------------------
  cpu_interface      70000                 saed32lvt_ss0p75v25c

  Point                                                   Incr       Path
  --------------------------------------------------------------------------
  clock slow_clk (rise edge)                              0.00       0.00
  clock network delay (ideal)                             0.00       0.00
  u_response_fifo/sync_r/q_reg[0][1]/CLK (DFFARX1_LVT)
                                                          0.00       0.00 r
  u_response_fifo/sync_r/q_reg[0][1]/Q (DFFARX1_LVT)      0.19       0.19 f
  u_response_fifo/sync_r/q_reg[1][1]/D (DFFARX1_LVT)      0.00       0.19 f
  data arrival time                                                  0.19

  clock slow_clk (rise edge)                              0.00       0.00
  clock network delay (ideal)                             0.00       0.00
  clock uncertainty                                       0.29       0.29
  u_response_fifo/sync_r/q_reg[1][1]/CLK (DFFARX1_LVT)
                                                          0.00       0.29 r
  library hold time                                      -0.03       0.25
  data required time                                                 0.25
  --------------------------------------------------------------------------
  data required time                                                 0.25
  data arrival time                                                 -0.19
  --------------------------------------------------------------------------
  slack (VIOLATED)                                                  -0.06


  Startpoint: u_response_fifo/sync_r/q_reg[0][0]
              (rising edge-triggered flip-flop clocked by slow_clk)
  Endpoint: u_response_fifo/sync_r/q_reg[1][0]
            (rising edge-triggered flip-flop clocked by slow_clk)
  Path Group: slow_clk
  Path Type: min

  Des/Clust/Port     Wire Load Model       Library
  ------------------------------------------------
  cpu_interface      70000                 saed32lvt_ss0p75v25c

  Point                                                   Incr       Path
  --------------------------------------------------------------------------
  clock slow_clk (rise edge)                              0.00       0.00
  clock network delay (ideal)                             0.00       0.00
  u_response_fifo/sync_r/q_reg[0][0]/CLK (DFFARX1_LVT)
                                                          0.00       0.00 r
  u_response_fifo/sync_r/q_reg[0][0]/Q (DFFARX1_LVT)      0.19       0.19 f
  u_response_fifo/sync_r/q_reg[1][0]/D (DFFARX1_LVT)      0.00       0.19 f
  data arrival time                                                  0.19

  clock slow_clk (rise edge)                              0.00       0.00
  clock network delay (ideal)                             0.00       0.00
  clock uncertainty                                       0.29       0.29
  u_response_fifo/sync_r/q_reg[1][0]/CLK (DFFARX1_LVT)
                                                          0.00       0.29 r
  library hold time                                      -0.03       0.25
  data required time                                                 0.25
  --------------------------------------------------------------------------
  data required time                                                 0.25
  data arrival time                                                 -0.19
  --------------------------------------------------------------------------
  slack (VIOLATED)                                                  -0.06


  Startpoint: u_request_fifo/sync_w/q_reg[0][2]
              (rising edge-triggered flip-flop clocked by slow_clk)
  Endpoint: u_request_fifo/sync_w/q_reg[1][2]
            (rising edge-triggered flip-flop clocked by slow_clk)
  Path Group: slow_clk
  Path Type: min

  Des/Clust/Port     Wire Load Model       Library
  ------------------------------------------------
  cpu_interface      70000                 saed32lvt_ss0p75v25c

  Point                                                   Incr       Path
  --------------------------------------------------------------------------
  clock slow_clk (rise edge)                              0.00       0.00
  clock network delay (ideal)                             0.00       0.00
  u_request_fifo/sync_w/q_reg[0][2]/CLK (DFFARX1_LVT)     0.00       0.00 r
  u_request_fifo/sync_w/q_reg[0][2]/Q (DFFARX1_LVT)       0.19       0.19 f
  u_request_fifo/sync_w/q_reg[1][2]/D (DFFARX1_LVT)       0.00       0.19 f
  data arrival time                                                  0.19

  clock slow_clk (rise edge)                              0.00       0.00
  clock network delay (ideal)                             0.00       0.00
  clock uncertainty                                       0.29       0.29
  u_request_fifo/sync_w/q_reg[1][2]/CLK (DFFARX1_LVT)     0.00       0.29 r
  library hold time                                      -0.03       0.25
  data required time                                                 0.25
  --------------------------------------------------------------------------
  data required time                                                 0.25
  data arrival time                                                 -0.19
  --------------------------------------------------------------------------
  slack (VIOLATED)                                                  -0.06


  Startpoint: u_request_fifo/sync_w/q_reg[0][1]
              (rising edge-triggered flip-flop clocked by slow_clk)
  Endpoint: u_request_fifo/sync_w/q_reg[1][1]
            (rising edge-triggered flip-flop clocked by slow_clk)
  Path Group: slow_clk
  Path Type: min

  Des/Clust/Port     Wire Load Model       Library
  ------------------------------------------------
  cpu_interface      70000                 saed32lvt_ss0p75v25c

  Point                                                   Incr       Path
  --------------------------------------------------------------------------
  clock slow_clk (rise edge)                              0.00       0.00
  clock network delay (ideal)                             0.00       0.00
  u_request_fifo/sync_w/q_reg[0][1]/CLK (DFFARX1_LVT)     0.00       0.00 r
  u_request_fifo/sync_w/q_reg[0][1]/Q (DFFARX1_LVT)       0.19       0.19 f
  u_request_fifo/sync_w/q_reg[1][1]/D (DFFARX1_LVT)       0.00       0.19 f
  data arrival time                                                  0.19

  clock slow_clk (rise edge)                              0.00       0.00
  clock network delay (ideal)                             0.00       0.00
  clock uncertainty                                       0.29       0.29
  u_request_fifo/sync_w/q_reg[1][1]/CLK (DFFARX1_LVT)     0.00       0.29 r
  library hold time                                      -0.03       0.25
  data required time                                                 0.25
  --------------------------------------------------------------------------
  data required time                                                 0.25
  data arrival time                                                 -0.19
  --------------------------------------------------------------------------
  slack (VIOLATED)                                                  -0.06


  Startpoint: u_request_fifo/sync_w/q_reg[0][0]
              (rising edge-triggered flip-flop clocked by slow_clk)
  Endpoint: u_request_fifo/sync_w/q_reg[1][0]
            (rising edge-triggered flip-flop clocked by slow_clk)
  Path Group: slow_clk
  Path Type: min

  Des/Clust/Port     Wire Load Model       Library
  ------------------------------------------------
  cpu_interface      70000                 saed32lvt_ss0p75v25c

  Point                                                   Incr       Path
  --------------------------------------------------------------------------
  clock slow_clk (rise edge)                              0.00       0.00
  clock network delay (ideal)                             0.00       0.00
  u_request_fifo/sync_w/q_reg[0][0]/CLK (DFFARX1_LVT)     0.00       0.00 r
  u_request_fifo/sync_w/q_reg[0][0]/Q (DFFARX1_LVT)       0.19       0.19 f
  u_request_fifo/sync_w/q_reg[1][0]/D (DFFARX1_LVT)       0.00       0.19 f
  data arrival time                                                  0.19

  clock slow_clk (rise edge)                              0.00       0.00
  clock network delay (ideal)                             0.00       0.00
  clock uncertainty                                       0.29       0.29
  u_request_fifo/sync_w/q_reg[1][0]/CLK (DFFARX1_LVT)     0.00       0.29 r
  library hold time                                      -0.03       0.25
  data required time                                                 0.25
  --------------------------------------------------------------------------
  data required time                                                 0.25
  data arrival time                                                 -0.19
  --------------------------------------------------------------------------
  slack (VIOLATED)                                                  -0.06


  Startpoint: u_response_fifo/w1/w_ptr_reg[2]
              (rising edge-triggered flip-flop clocked by slow_clk)
  Endpoint: u_response_fifo/w1/w_ptr_reg[2]
            (rising edge-triggered flip-flop clocked by slow_clk)
  Path Group: slow_clk
  Path Type: min

  Des/Clust/Port     Wire Load Model       Library
  ------------------------------------------------
  cpu_interface      70000                 saed32lvt_ss0p75v25c

  Point                                                   Incr       Path
  --------------------------------------------------------------------------
  clock slow_clk (rise edge)                              0.00       0.00
  clock network delay (ideal)                             0.00       0.00
  u_response_fifo/w1/w_ptr_reg[2]/CLK (DFFARX1_LVT)       0.00       0.00 r
  u_response_fifo/w1/w_ptr_reg[2]/QN (DFFARX1_LVT)        0.12       0.12 f
  U1378/Y (AO22X1_LVT)                                    0.08       0.20 f
  u_response_fifo/w1/w_ptr_reg[2]/D (DFFARX1_LVT)         0.00       0.20 f
  data arrival time                                                  0.20

  clock slow_clk (rise edge)                              0.00       0.00
  clock network delay (ideal)                             0.00       0.00
  clock uncertainty                                       0.29       0.29
  u_response_fifo/w1/w_ptr_reg[2]/CLK (DFFARX1_LVT)       0.00       0.29 r
  library hold time                                      -0.03       0.26
  data required time                                                 0.26
  --------------------------------------------------------------------------
  data required time                                                 0.26
  data arrival time                                                 -0.20
  --------------------------------------------------------------------------
  slack (VIOLATED)                                                  -0.06


  Startpoint: u_request_fifo/r1/r_ptr_reg[2]
              (rising edge-triggered flip-flop clocked by slow_clk)
  Endpoint: u_request_fifo/r_ptr_gray_reg_reg[2]
            (rising edge-triggered flip-flop clocked by slow_clk)
  Path Group: slow_clk
  Path Type: min

  Des/Clust/Port     Wire Load Model       Library
  ------------------------------------------------
  cpu_interface      70000                 saed32lvt_ss0p75v25c

  Point                                                   Incr       Path
  --------------------------------------------------------------------------
  clock slow_clk (rise edge)                              0.00       0.00
  clock network delay (ideal)                             0.00       0.00
  u_request_fifo/r1/r_ptr_reg[2]/CLK (DFFARX1_LVT)        0.00       0.00 r
  u_request_fifo/r1/r_ptr_reg[2]/Q (DFFARX1_LVT)          0.20       0.20 f
  u_request_fifo/r_ptr_gray_reg_reg[2]/D (DFFARX1_LVT)
                                                          0.00       0.20 f
  data arrival time                                                  0.20

  clock slow_clk (rise edge)                              0.00       0.00
  clock network delay (ideal)                             0.00       0.00
  clock uncertainty                                       0.29       0.29
  u_request_fifo/r_ptr_gray_reg_reg[2]/CLK (DFFARX1_LVT)
                                                          0.00       0.29 r
  library hold time                                      -0.04       0.25
  data required time                                                 0.25
  --------------------------------------------------------------------------
  data required time                                                 0.25
  data arrival time                                                 -0.20
  --------------------------------------------------------------------------
  slack (VIOLATED)                                                  -0.05


  Startpoint: u_request_fifo/r1/r_ptr_reg[2]
              (rising edge-triggered flip-flop clocked by slow_clk)
  Endpoint: u_request_fifo/r1/r_ptr_reg[2]
            (rising edge-triggered flip-flop clocked by slow_clk)
  Path Group: slow_clk
  Path Type: min

  Des/Clust/Port     Wire Load Model       Library
  ------------------------------------------------
  cpu_interface      70000                 saed32lvt_ss0p75v25c

  Point                                                   Incr       Path
  --------------------------------------------------------------------------
  clock slow_clk (rise edge)                              0.00       0.00
  clock network delay (ideal)                             0.00       0.00
  u_request_fifo/r1/r_ptr_reg[2]/CLK (DFFARX1_LVT)        0.00       0.00 r
  u_request_fifo/r1/r_ptr_reg[2]/QN (DFFARX1_LVT)         0.13       0.13 f
  U1172/Y (AO22X1_LVT)                                    0.08       0.22 f
  u_request_fifo/r1/r_ptr_reg[2]/D (DFFARX1_LVT)          0.00       0.22 f
  data arrival time                                                  0.22

  clock slow_clk (rise edge)                              0.00       0.00
  clock network delay (ideal)                             0.00       0.00
  clock uncertainty                                       0.29       0.29
  u_request_fifo/r1/r_ptr_reg[2]/CLK (DFFARX1_LVT)        0.00       0.29 r
  library hold time                                      -0.03       0.26
  data required time                                                 0.26
  --------------------------------------------------------------------------
  data required time                                                 0.26
  data arrival time                                                 -0.22
  --------------------------------------------------------------------------
  slack (VIOLATED)                                                  -0.04


  Startpoint: u_response_fifo/w1/w_ptr_reg[2]
              (rising edge-triggered flip-flop clocked by slow_clk)
  Endpoint: u_response_fifo/w_ptr_gray_reg_reg[2]
            (rising edge-triggered flip-flop clocked by slow_clk)
  Path Group: slow_clk
  Path Type: min

  Des/Clust/Port     Wire Load Model       Library
  ------------------------------------------------
  cpu_interface      70000                 saed32lvt_ss0p75v25c

  Point                                                   Incr       Path
  --------------------------------------------------------------------------
  clock slow_clk (rise edge)                              0.00       0.00
  clock network delay (ideal)                             0.00       0.00
  u_response_fifo/w1/w_ptr_reg[2]/CLK (DFFARX1_LVT)       0.00       0.00 r
  u_response_fifo/w1/w_ptr_reg[2]/Q (DFFARX1_LVT)         0.21       0.21 f
  u_response_fifo/w_ptr_gray_reg_reg[2]/D (DFFARX1_LVT)
                                                          0.00       0.21 f
  data arrival time                                                  0.21

  clock slow_clk (rise edge)                              0.00       0.00
  clock network delay (ideal)                             0.00       0.00
  clock uncertainty                                       0.29       0.29
  u_response_fifo/w_ptr_gray_reg_reg[2]/CLK (DFFARX1_LVT)
                                                          0.00       0.29 r
  library hold time                                      -0.04       0.25
  data required time                                                 0.25
  --------------------------------------------------------------------------
  data required time                                                 0.25
  data arrival time                                                 -0.21
  --------------------------------------------------------------------------
  slack (VIOLATED)                                                  -0.04


  Startpoint: u_request_fifo/r1/r_ptr_reg[0]
              (rising edge-triggered flip-flop clocked by slow_clk)
  Endpoint: u_request_fifo/r1/r_ptr_reg[0]
            (rising edge-triggered flip-flop clocked by slow_clk)
  Path Group: slow_clk
  Path Type: min

  Des/Clust/Port     Wire Load Model       Library
  ------------------------------------------------
  cpu_interface      70000                 saed32lvt_ss0p75v25c

  Point                                                   Incr       Path
  --------------------------------------------------------------------------
  clock slow_clk (rise edge)                              0.00       0.00
  clock network delay (ideal)                             0.00       0.00
  u_request_fifo/r1/r_ptr_reg[0]/CLK (DFFARX1_LVT)        0.00       0.00 r
  u_request_fifo/r1/r_ptr_reg[0]/QN (DFFARX1_LVT)         0.14       0.14 f
  U1170/Y (AO22X1_LVT)                                    0.08       0.22 f
  u_request_fifo/r1/r_ptr_reg[0]/D (DFFARX1_LVT)          0.00       0.22 f
  data arrival time                                                  0.22

  clock slow_clk (rise edge)                              0.00       0.00
  clock network delay (ideal)                             0.00       0.00
  clock uncertainty                                       0.29       0.29
  u_request_fifo/r1/r_ptr_reg[0]/CLK (DFFARX1_LVT)        0.00       0.29 r
  library hold time                                      -0.03       0.26
  data required time                                                 0.26
  --------------------------------------------------------------------------
  data required time                                                 0.26
  data arrival time                                                 -0.22
  --------------------------------------------------------------------------
  slack (VIOLATED)                                                  -0.03


  Startpoint: u_request_fifo/r1/r_ptr_reg[1]
              (rising edge-triggered flip-flop clocked by slow_clk)
  Endpoint: u_request_fifo/r_ptr_gray_reg_reg[0]
            (rising edge-triggered flip-flop clocked by slow_clk)
  Path Group: slow_clk
  Path Type: min

  Des/Clust/Port     Wire Load Model       Library
  ------------------------------------------------
  cpu_interface      70000                 saed32lvt_ss0p75v25c

  Point                                                   Incr       Path
  --------------------------------------------------------------------------
  clock slow_clk (rise edge)                              0.00       0.00
  clock network delay (ideal)                             0.00       0.00
  u_request_fifo/r1/r_ptr_reg[1]/CLK (DFFARX1_LVT)        0.00       0.00 r
  u_request_fifo/r1/r_ptr_reg[1]/QN (DFFARX1_LVT)         0.13       0.13 f
  U945/Y (AO22X1_LVT)                                     0.09       0.22 f
  u_request_fifo/r_ptr_gray_reg_reg[0]/D (DFFARX1_LVT)
                                                          0.00       0.22 f
  data arrival time                                                  0.22

  clock slow_clk (rise edge)                              0.00       0.00
  clock network delay (ideal)                             0.00       0.00
  clock uncertainty                                       0.29       0.29
  u_request_fifo/r_ptr_gray_reg_reg[0]/CLK (DFFARX1_LVT)
                                                          0.00       0.29 r
  library hold time                                      -0.03       0.25
  data required time                                                 0.25
  --------------------------------------------------------------------------
  data required time                                                 0.25
  data arrival time                                                 -0.22
  --------------------------------------------------------------------------
  slack (VIOLATED)                                                  -0.03


  Startpoint: u_response_fifo/w1/w_ptr_reg[1]
              (rising edge-triggered flip-flop clocked by slow_clk)
  Endpoint: u_response_fifo/w_ptr_gray_reg_reg[1]
            (rising edge-triggered flip-flop clocked by slow_clk)
  Path Group: slow_clk
  Path Type: min

  Des/Clust/Port     Wire Load Model       Library
  ------------------------------------------------
  cpu_interface      70000                 saed32lvt_ss0p75v25c

  Point                                                   Incr       Path
  --------------------------------------------------------------------------
  clock slow_clk (rise edge)                              0.00       0.00
  clock network delay (ideal)                             0.00       0.00
  u_response_fifo/w1/w_ptr_reg[1]/CLK (DFFARX1_LVT)       0.00       0.00 r
  u_response_fifo/w1/w_ptr_reg[1]/QN (DFFARX1_LVT)        0.13       0.13 f
  U785/Y (AO22X1_LVT)                                     0.09       0.22 f
  u_response_fifo/w_ptr_gray_reg_reg[1]/D (DFFARX1_LVT)
                                                          0.00       0.22 f
  data arrival time                                                  0.22

  clock slow_clk (rise edge)                              0.00       0.00
  clock network delay (ideal)                             0.00       0.00
  clock uncertainty                                       0.29       0.29
  u_response_fifo/w_ptr_gray_reg_reg[1]/CLK (DFFARX1_LVT)
                                                          0.00       0.29 r
  library hold time                                      -0.03       0.25
  data required time                                                 0.25
  --------------------------------------------------------------------------
  data required time                                                 0.25
  data arrival time                                                 -0.22
  --------------------------------------------------------------------------
  slack (VIOLATED)                                                  -0.03


  Startpoint: u_response_fifo/m1/mem_reg[3][0]
              (rising edge-triggered flip-flop clocked by slow_clk)
  Endpoint: u_response_fifo/m1/mem_reg[3][0]
            (rising edge-triggered flip-flop clocked by slow_clk)
  Path Group: slow_clk
  Path Type: min

  Des/Clust/Port     Wire Load Model       Library
  ------------------------------------------------
  cpu_interface      70000                 saed32lvt_ss0p75v25c

  Point                                                   Incr       Path
  --------------------------------------------------------------------------
  clock slow_clk (rise edge)                              0.00       0.00
  clock network delay (ideal)                             0.00       0.00
  u_response_fifo/m1/mem_reg[3][0]/CLK (DFFX1_LVT)        0.00       0.00 r
  u_response_fifo/m1/mem_reg[3][0]/Q (DFFX1_LVT)          0.18       0.18 f
  U1379/Y (AO22X1_LVT)                                    0.07       0.25 f
  u_response_fifo/m1/mem_reg[3][0]/D (DFFX1_LVT)          0.00       0.25 f
  data arrival time                                                  0.25

  clock slow_clk (rise edge)                              0.00       0.00
  clock network delay (ideal)                             0.00       0.00
  clock uncertainty                                       0.29       0.29
  u_response_fifo/m1/mem_reg[3][0]/CLK (DFFX1_LVT)        0.00       0.29 r
  library hold time                                      -0.04       0.25
  data required time                                                 0.25
  --------------------------------------------------------------------------
  data required time                                                 0.25
  data arrival time                                                 -0.25
  --------------------------------------------------------------------------
  slack (VIOLATED: increase significant digits)                      0.00


  Startpoint: u_response_fifo/m1/mem_reg[3][16]
              (rising edge-triggered flip-flop clocked by slow_clk)
  Endpoint: u_response_fifo/m1/mem_reg[3][16]
            (rising edge-triggered flip-flop clocked by slow_clk)
  Path Group: slow_clk
  Path Type: min

  Des/Clust/Port     Wire Load Model       Library
  ------------------------------------------------
  cpu_interface      70000                 saed32lvt_ss0p75v25c

  Point                                                   Incr       Path
  --------------------------------------------------------------------------
  clock slow_clk (rise edge)                              0.00       0.00
  clock network delay (ideal)                             0.00       0.00
  u_response_fifo/m1/mem_reg[3][16]/CLK (DFFX1_LVT)       0.00       0.00 r
  u_response_fifo/m1/mem_reg[3][16]/Q (DFFX1_LVT)         0.18       0.18 f
  U1395/Y (AO22X1_LVT)                                    0.07       0.25 f
  u_response_fifo/m1/mem_reg[3][16]/D (DFFX1_LVT)         0.00       0.25 f
  data arrival time                                                  0.25

  clock slow_clk (rise edge)                              0.00       0.00
  clock network delay (ideal)                             0.00       0.00
  clock uncertainty                                       0.29       0.29
  u_response_fifo/m1/mem_reg[3][16]/CLK (DFFX1_LVT)       0.00       0.29 r
  library hold time                                      -0.04       0.25
  data required time                                                 0.25
  --------------------------------------------------------------------------
  data required time                                                 0.25
  data arrival time                                                 -0.25
  --------------------------------------------------------------------------
  slack (VIOLATED: increase significant digits)                      0.00


  Startpoint: u_response_fifo/m1/mem_reg[3][15]
              (rising edge-triggered flip-flop clocked by slow_clk)
  Endpoint: u_response_fifo/m1/mem_reg[3][15]
            (rising edge-triggered flip-flop clocked by slow_clk)
  Path Group: slow_clk
  Path Type: min

  Des/Clust/Port     Wire Load Model       Library
  ------------------------------------------------
  cpu_interface      70000                 saed32lvt_ss0p75v25c

  Point                                                   Incr       Path
  --------------------------------------------------------------------------
  clock slow_clk (rise edge)                              0.00       0.00
  clock network delay (ideal)                             0.00       0.00
  u_response_fifo/m1/mem_reg[3][15]/CLK (DFFX1_LVT)       0.00       0.00 r
  u_response_fifo/m1/mem_reg[3][15]/Q (DFFX1_LVT)         0.18       0.18 f
  U1396/Y (AO22X1_LVT)                                    0.07       0.25 f
  u_response_fifo/m1/mem_reg[3][15]/D (DFFX1_LVT)         0.00       0.25 f
  data arrival time                                                  0.25

  clock slow_clk (rise edge)                              0.00       0.00
  clock network delay (ideal)                             0.00       0.00
  clock uncertainty                                       0.29       0.29
  u_response_fifo/m1/mem_reg[3][15]/CLK (DFFX1_LVT)       0.00       0.29 r
  library hold time                                      -0.04       0.25
  data required time                                                 0.25
  --------------------------------------------------------------------------
  data required time                                                 0.25
  data arrival time                                                 -0.25
  --------------------------------------------------------------------------
  slack (VIOLATED: increase significant digits)                      0.00


  Startpoint: u_response_fifo/m1/mem_reg[3][14]
              (rising edge-triggered flip-flop clocked by slow_clk)
  Endpoint: u_response_fifo/m1/mem_reg[3][14]
            (rising edge-triggered flip-flop clocked by slow_clk)
  Path Group: slow_clk
  Path Type: min

  Des/Clust/Port     Wire Load Model       Library
  ------------------------------------------------
  cpu_interface      70000                 saed32lvt_ss0p75v25c

  Point                                                   Incr       Path
  --------------------------------------------------------------------------
  clock slow_clk (rise edge)                              0.00       0.00
  clock network delay (ideal)                             0.00       0.00
  u_response_fifo/m1/mem_reg[3][14]/CLK (DFFX1_LVT)       0.00       0.00 r
  u_response_fifo/m1/mem_reg[3][14]/Q (DFFX1_LVT)         0.18       0.18 f
  U1397/Y (AO22X1_LVT)                                    0.07       0.25 f
  u_response_fifo/m1/mem_reg[3][14]/D (DFFX1_LVT)         0.00       0.25 f
  data arrival time                                                  0.25

  clock slow_clk (rise edge)                              0.00       0.00
  clock network delay (ideal)                             0.00       0.00
  clock uncertainty                                       0.29       0.29
  u_response_fifo/m1/mem_reg[3][14]/CLK (DFFX1_LVT)       0.00       0.29 r
  library hold time                                      -0.04       0.25
  data required time                                                 0.25
  --------------------------------------------------------------------------
  data required time                                                 0.25
  data arrival time                                                 -0.25
  --------------------------------------------------------------------------
  slack (VIOLATED: increase significant digits)                      0.00


  Startpoint: u_response_fifo/m1/mem_reg[3][13]
              (rising edge-triggered flip-flop clocked by slow_clk)
  Endpoint: u_response_fifo/m1/mem_reg[3][13]
            (rising edge-triggered flip-flop clocked by slow_clk)
  Path Group: slow_clk
  Path Type: min

  Des/Clust/Port     Wire Load Model       Library
  ------------------------------------------------
  cpu_interface      70000                 saed32lvt_ss0p75v25c

  Point                                                   Incr       Path
  --------------------------------------------------------------------------
  clock slow_clk (rise edge)                              0.00       0.00
  clock network delay (ideal)                             0.00       0.00
  u_response_fifo/m1/mem_reg[3][13]/CLK (DFFX1_LVT)       0.00       0.00 r
  u_response_fifo/m1/mem_reg[3][13]/Q (DFFX1_LVT)         0.18       0.18 f
  U1398/Y (AO22X1_LVT)                                    0.07       0.25 f
  u_response_fifo/m1/mem_reg[3][13]/D (DFFX1_LVT)         0.00       0.25 f
  data arrival time                                                  0.25

  clock slow_clk (rise edge)                              0.00       0.00
  clock network delay (ideal)                             0.00       0.00
  clock uncertainty                                       0.29       0.29
  u_response_fifo/m1/mem_reg[3][13]/CLK (DFFX1_LVT)       0.00       0.29 r
  library hold time                                      -0.04       0.25
  data required time                                                 0.25
  --------------------------------------------------------------------------
  data required time                                                 0.25
  data arrival time                                                 -0.25
  --------------------------------------------------------------------------
  slack (VIOLATED: increase significant digits)                      0.00


  Startpoint: u_response_fifo/m1/mem_reg[3][12]
              (rising edge-triggered flip-flop clocked by slow_clk)
  Endpoint: u_response_fifo/m1/mem_reg[3][12]
            (rising edge-triggered flip-flop clocked by slow_clk)
  Path Group: slow_clk
  Path Type: min

  Des/Clust/Port     Wire Load Model       Library
  ------------------------------------------------
  cpu_interface      70000                 saed32lvt_ss0p75v25c

  Point                                                   Incr       Path
  --------------------------------------------------------------------------
  clock slow_clk (rise edge)                              0.00       0.00
  clock network delay (ideal)                             0.00       0.00
  u_response_fifo/m1/mem_reg[3][12]/CLK (DFFX1_LVT)       0.00       0.00 r
  u_response_fifo/m1/mem_reg[3][12]/Q (DFFX1_LVT)         0.18       0.18 f
  U1399/Y (AO22X1_LVT)                                    0.07       0.25 f
  u_response_fifo/m1/mem_reg[3][12]/D (DFFX1_LVT)         0.00       0.25 f
  data arrival time                                                  0.25

  clock slow_clk (rise edge)                              0.00       0.00
  clock network delay (ideal)                             0.00       0.00
  clock uncertainty                                       0.29       0.29
  u_response_fifo/m1/mem_reg[3][12]/CLK (DFFX1_LVT)       0.00       0.29 r
  library hold time                                      -0.04       0.25
  data required time                                                 0.25
  --------------------------------------------------------------------------
  data required time                                                 0.25
  data arrival time                                                 -0.25
  --------------------------------------------------------------------------
  slack (VIOLATED: increase significant digits)                      0.00


  Startpoint: u_response_fifo/m1/mem_reg[3][11]
              (rising edge-triggered flip-flop clocked by slow_clk)
  Endpoint: u_response_fifo/m1/mem_reg[3][11]
            (rising edge-triggered flip-flop clocked by slow_clk)
  Path Group: slow_clk
  Path Type: min

  Des/Clust/Port     Wire Load Model       Library
  ------------------------------------------------
  cpu_interface      70000                 saed32lvt_ss0p75v25c

  Point                                                   Incr       Path
  --------------------------------------------------------------------------
  clock slow_clk (rise edge)                              0.00       0.00
  clock network delay (ideal)                             0.00       0.00
  u_response_fifo/m1/mem_reg[3][11]/CLK (DFFX1_LVT)       0.00       0.00 r
  u_response_fifo/m1/mem_reg[3][11]/Q (DFFX1_LVT)         0.18       0.18 f
  U1400/Y (AO22X1_LVT)                                    0.07       0.25 f
  u_response_fifo/m1/mem_reg[3][11]/D (DFFX1_LVT)         0.00       0.25 f
  data arrival time                                                  0.25

  clock slow_clk (rise edge)                              0.00       0.00
  clock network delay (ideal)                             0.00       0.00
  clock uncertainty                                       0.29       0.29
  u_response_fifo/m1/mem_reg[3][11]/CLK (DFFX1_LVT)       0.00       0.29 r
  library hold time                                      -0.04       0.25
  data required time                                                 0.25
  --------------------------------------------------------------------------
  data required time                                                 0.25
  data arrival time                                                 -0.25
  --------------------------------------------------------------------------
  slack (VIOLATED: increase significant digits)                      0.00


  Startpoint: u_response_fifo/m1/mem_reg[3][10]
              (rising edge-triggered flip-flop clocked by slow_clk)
  Endpoint: u_response_fifo/m1/mem_reg[3][10]
            (rising edge-triggered flip-flop clocked by slow_clk)
  Path Group: slow_clk
  Path Type: min

  Des/Clust/Port     Wire Load Model       Library
  ------------------------------------------------
  cpu_interface      70000                 saed32lvt_ss0p75v25c

  Point                                                   Incr       Path
  --------------------------------------------------------------------------
  clock slow_clk (rise edge)                              0.00       0.00
  clock network delay (ideal)                             0.00       0.00
  u_response_fifo/m1/mem_reg[3][10]/CLK (DFFX1_LVT)       0.00       0.00 r
  u_response_fifo/m1/mem_reg[3][10]/Q (DFFX1_LVT)         0.18       0.18 f
  U1401/Y (AO22X1_LVT)                                    0.07       0.25 f
  u_response_fifo/m1/mem_reg[3][10]/D (DFFX1_LVT)         0.00       0.25 f
  data arrival time                                                  0.25

  clock slow_clk (rise edge)                              0.00       0.00
  clock network delay (ideal)                             0.00       0.00
  clock uncertainty                                       0.29       0.29
  u_response_fifo/m1/mem_reg[3][10]/CLK (DFFX1_LVT)       0.00       0.29 r
  library hold time                                      -0.04       0.25
  data required time                                                 0.25
  --------------------------------------------------------------------------
  data required time                                                 0.25
  data arrival time                                                 -0.25
  --------------------------------------------------------------------------
  slack (VIOLATED: increase significant digits)                      0.00


  Startpoint: u_response_fifo/m1/mem_reg[3][9]
              (rising edge-triggered flip-flop clocked by slow_clk)
  Endpoint: u_response_fifo/m1/mem_reg[3][9]
            (rising edge-triggered flip-flop clocked by slow_clk)
  Path Group: slow_clk
  Path Type: min

  Des/Clust/Port     Wire Load Model       Library
  ------------------------------------------------
  cpu_interface      70000                 saed32lvt_ss0p75v25c

  Point                                                   Incr       Path
  --------------------------------------------------------------------------
  clock slow_clk (rise edge)                              0.00       0.00
  clock network delay (ideal)                             0.00       0.00
  u_response_fifo/m1/mem_reg[3][9]/CLK (DFFX1_LVT)        0.00       0.00 r
  u_response_fifo/m1/mem_reg[3][9]/Q (DFFX1_LVT)          0.18       0.18 f
  U1402/Y (AO22X1_LVT)                                    0.07       0.25 f
  u_response_fifo/m1/mem_reg[3][9]/D (DFFX1_LVT)          0.00       0.25 f
  data arrival time                                                  0.25

  clock slow_clk (rise edge)                              0.00       0.00
  clock network delay (ideal)                             0.00       0.00
  clock uncertainty                                       0.29       0.29
  u_response_fifo/m1/mem_reg[3][9]/CLK (DFFX1_LVT)        0.00       0.29 r
  library hold time                                      -0.04       0.25
  data required time                                                 0.25
  --------------------------------------------------------------------------
  data required time                                                 0.25
  data arrival time                                                 -0.25
  --------------------------------------------------------------------------
  slack (VIOLATED: increase significant digits)                      0.00


  Startpoint: u_response_fifo/m1/mem_reg[3][8]
              (rising edge-triggered flip-flop clocked by slow_clk)
  Endpoint: u_response_fifo/m1/mem_reg[3][8]
            (rising edge-triggered flip-flop clocked by slow_clk)
  Path Group: slow_clk
  Path Type: min

  Des/Clust/Port     Wire Load Model       Library
  ------------------------------------------------
  cpu_interface      70000                 saed32lvt_ss0p75v25c

  Point                                                   Incr       Path
  --------------------------------------------------------------------------
  clock slow_clk (rise edge)                              0.00       0.00
  clock network delay (ideal)                             0.00       0.00
  u_response_fifo/m1/mem_reg[3][8]/CLK (DFFX1_LVT)        0.00       0.00 r
  u_response_fifo/m1/mem_reg[3][8]/Q (DFFX1_LVT)          0.18       0.18 f
  U1403/Y (AO22X1_LVT)                                    0.07       0.25 f
  u_response_fifo/m1/mem_reg[3][8]/D (DFFX1_LVT)          0.00       0.25 f
  data arrival time                                                  0.25

  clock slow_clk (rise edge)                              0.00       0.00
  clock network delay (ideal)                             0.00       0.00
  clock uncertainty                                       0.29       0.29
  u_response_fifo/m1/mem_reg[3][8]/CLK (DFFX1_LVT)        0.00       0.29 r
  library hold time                                      -0.04       0.25
  data required time                                                 0.25
  --------------------------------------------------------------------------
  data required time                                                 0.25
  data arrival time                                                 -0.25
  --------------------------------------------------------------------------
  slack (VIOLATED: increase significant digits)                      0.00


  Startpoint: u_response_fifo/m1/mem_reg[3][7]
              (rising edge-triggered flip-flop clocked by slow_clk)
  Endpoint: u_response_fifo/m1/mem_reg[3][7]
            (rising edge-triggered flip-flop clocked by slow_clk)
  Path Group: slow_clk
  Path Type: min

  Des/Clust/Port     Wire Load Model       Library
  ------------------------------------------------
  cpu_interface      70000                 saed32lvt_ss0p75v25c

  Point                                                   Incr       Path
  --------------------------------------------------------------------------
  clock slow_clk (rise edge)                              0.00       0.00
  clock network delay (ideal)                             0.00       0.00
  u_response_fifo/m1/mem_reg[3][7]/CLK (DFFX1_LVT)        0.00       0.00 r
  u_response_fifo/m1/mem_reg[3][7]/Q (DFFX1_LVT)          0.18       0.18 f
  U1404/Y (AO22X1_LVT)                                    0.07       0.25 f
  u_response_fifo/m1/mem_reg[3][7]/D (DFFX1_LVT)          0.00       0.25 f
  data arrival time                                                  0.25

  clock slow_clk (rise edge)                              0.00       0.00
  clock network delay (ideal)                             0.00       0.00
  clock uncertainty                                       0.29       0.29
  u_response_fifo/m1/mem_reg[3][7]/CLK (DFFX1_LVT)        0.00       0.29 r
  library hold time                                      -0.04       0.25
  data required time                                                 0.25
  --------------------------------------------------------------------------
  data required time                                                 0.25
  data arrival time                                                 -0.25
  --------------------------------------------------------------------------
  slack (VIOLATED: increase significant digits)                      0.00


  Startpoint: u_response_fifo/m1/mem_reg[3][6]
              (rising edge-triggered flip-flop clocked by slow_clk)
  Endpoint: u_response_fifo/m1/mem_reg[3][6]
            (rising edge-triggered flip-flop clocked by slow_clk)
  Path Group: slow_clk
  Path Type: min

  Des/Clust/Port     Wire Load Model       Library
  ------------------------------------------------
  cpu_interface      70000                 saed32lvt_ss0p75v25c

  Point                                                   Incr       Path
  --------------------------------------------------------------------------
  clock slow_clk (rise edge)                              0.00       0.00
  clock network delay (ideal)                             0.00       0.00
  u_response_fifo/m1/mem_reg[3][6]/CLK (DFFX1_LVT)        0.00       0.00 r
  u_response_fifo/m1/mem_reg[3][6]/Q (DFFX1_LVT)          0.18       0.18 f
  U1405/Y (AO22X1_LVT)                                    0.07       0.25 f
  u_response_fifo/m1/mem_reg[3][6]/D (DFFX1_LVT)          0.00       0.25 f
  data arrival time                                                  0.25

  clock slow_clk (rise edge)                              0.00       0.00
  clock network delay (ideal)                             0.00       0.00
  clock uncertainty                                       0.29       0.29
  u_response_fifo/m1/mem_reg[3][6]/CLK (DFFX1_LVT)        0.00       0.29 r
  library hold time                                      -0.04       0.25
  data required time                                                 0.25
  --------------------------------------------------------------------------
  data required time                                                 0.25
  data arrival time                                                 -0.25
  --------------------------------------------------------------------------
  slack (VIOLATED: increase significant digits)                      0.00


  Startpoint: u_response_fifo/m1/mem_reg[3][5]
              (rising edge-triggered flip-flop clocked by slow_clk)
  Endpoint: u_response_fifo/m1/mem_reg[3][5]
            (rising edge-triggered flip-flop clocked by slow_clk)
  Path Group: slow_clk
  Path Type: min

  Des/Clust/Port     Wire Load Model       Library
  ------------------------------------------------
  cpu_interface      70000                 saed32lvt_ss0p75v25c

  Point                                                   Incr       Path
  --------------------------------------------------------------------------
  clock slow_clk (rise edge)                              0.00       0.00
  clock network delay (ideal)                             0.00       0.00
  u_response_fifo/m1/mem_reg[3][5]/CLK (DFFX1_LVT)        0.00       0.00 r
  u_response_fifo/m1/mem_reg[3][5]/Q (DFFX1_LVT)          0.18       0.18 f
  U1406/Y (AO22X1_LVT)                                    0.07       0.25 f
  u_response_fifo/m1/mem_reg[3][5]/D (DFFX1_LVT)          0.00       0.25 f
  data arrival time                                                  0.25

  clock slow_clk (rise edge)                              0.00       0.00
  clock network delay (ideal)                             0.00       0.00
  clock uncertainty                                       0.29       0.29
  u_response_fifo/m1/mem_reg[3][5]/CLK (DFFX1_LVT)        0.00       0.29 r
  library hold time                                      -0.04       0.25
  data required time                                                 0.25
  --------------------------------------------------------------------------
  data required time                                                 0.25
  data arrival time                                                 -0.25
  --------------------------------------------------------------------------
  slack (VIOLATED: increase significant digits)                      0.00


  Startpoint: u_response_fifo/m1/mem_reg[3][4]
              (rising edge-triggered flip-flop clocked by slow_clk)
  Endpoint: u_response_fifo/m1/mem_reg[3][4]
            (rising edge-triggered flip-flop clocked by slow_clk)
  Path Group: slow_clk
  Path Type: min

  Des/Clust/Port     Wire Load Model       Library
  ------------------------------------------------
  cpu_interface      70000                 saed32lvt_ss0p75v25c

  Point                                                   Incr       Path
  --------------------------------------------------------------------------
  clock slow_clk (rise edge)                              0.00       0.00
  clock network delay (ideal)                             0.00       0.00
  u_response_fifo/m1/mem_reg[3][4]/CLK (DFFX1_LVT)        0.00       0.00 r
  u_response_fifo/m1/mem_reg[3][4]/Q (DFFX1_LVT)          0.18       0.18 f
  U1407/Y (AO22X1_LVT)                                    0.07       0.25 f
  u_response_fifo/m1/mem_reg[3][4]/D (DFFX1_LVT)          0.00       0.25 f
  data arrival time                                                  0.25

  clock slow_clk (rise edge)                              0.00       0.00
  clock network delay (ideal)                             0.00       0.00
  clock uncertainty                                       0.29       0.29
  u_response_fifo/m1/mem_reg[3][4]/CLK (DFFX1_LVT)        0.00       0.29 r
  library hold time                                      -0.04       0.25
  data required time                                                 0.25
  --------------------------------------------------------------------------
  data required time                                                 0.25
  data arrival time                                                 -0.25
  --------------------------------------------------------------------------
  slack (VIOLATED: increase significant digits)                      0.00


  Startpoint: u_response_fifo/m1/mem_reg[3][3]
              (rising edge-triggered flip-flop clocked by slow_clk)
  Endpoint: u_response_fifo/m1/mem_reg[3][3]
            (rising edge-triggered flip-flop clocked by slow_clk)
  Path Group: slow_clk
  Path Type: min

  Des/Clust/Port     Wire Load Model       Library
  ------------------------------------------------
  cpu_interface      70000                 saed32lvt_ss0p75v25c

  Point                                                   Incr       Path
  --------------------------------------------------------------------------
  clock slow_clk (rise edge)                              0.00       0.00
  clock network delay (ideal)                             0.00       0.00
  u_response_fifo/m1/mem_reg[3][3]/CLK (DFFX1_LVT)        0.00       0.00 r
  u_response_fifo/m1/mem_reg[3][3]/Q (DFFX1_LVT)          0.18       0.18 f
  U1408/Y (AO22X1_LVT)                                    0.07       0.25 f
  u_response_fifo/m1/mem_reg[3][3]/D (DFFX1_LVT)          0.00       0.25 f
  data arrival time                                                  0.25

  clock slow_clk (rise edge)                              0.00       0.00
  clock network delay (ideal)                             0.00       0.00
  clock uncertainty                                       0.29       0.29
  u_response_fifo/m1/mem_reg[3][3]/CLK (DFFX1_LVT)        0.00       0.29 r
  library hold time                                      -0.04       0.25
  data required time                                                 0.25
  --------------------------------------------------------------------------
  data required time                                                 0.25
  data arrival time                                                 -0.25
  --------------------------------------------------------------------------
  slack (VIOLATED: increase significant digits)                      0.00


  Startpoint: u_response_fifo/m1/mem_reg[3][2]
              (rising edge-triggered flip-flop clocked by slow_clk)
  Endpoint: u_response_fifo/m1/mem_reg[3][2]
            (rising edge-triggered flip-flop clocked by slow_clk)
  Path Group: slow_clk
  Path Type: min

  Des/Clust/Port     Wire Load Model       Library
  ------------------------------------------------
  cpu_interface      70000                 saed32lvt_ss0p75v25c

  Point                                                   Incr       Path
  --------------------------------------------------------------------------
  clock slow_clk (rise edge)                              0.00       0.00
  clock network delay (ideal)                             0.00       0.00
  u_response_fifo/m1/mem_reg[3][2]/CLK (DFFX1_LVT)        0.00       0.00 r
  u_response_fifo/m1/mem_reg[3][2]/Q (DFFX1_LVT)          0.18       0.18 f
  U1409/Y (AO22X1_LVT)                                    0.07       0.25 f
  u_response_fifo/m1/mem_reg[3][2]/D (DFFX1_LVT)          0.00       0.25 f
  data arrival time                                                  0.25

  clock slow_clk (rise edge)                              0.00       0.00
  clock network delay (ideal)                             0.00       0.00
  clock uncertainty                                       0.29       0.29
  u_response_fifo/m1/mem_reg[3][2]/CLK (DFFX1_LVT)        0.00       0.29 r
  library hold time                                      -0.04       0.25
  data required time                                                 0.25
  --------------------------------------------------------------------------
  data required time                                                 0.25
  data arrival time                                                 -0.25
  --------------------------------------------------------------------------
  slack (VIOLATED: increase significant digits)                      0.00


  Startpoint: u_response_fifo/m1/mem_reg[3][1]
              (rising edge-triggered flip-flop clocked by slow_clk)
  Endpoint: u_response_fifo/m1/mem_reg[3][1]
            (rising edge-triggered flip-flop clocked by slow_clk)
  Path Group: slow_clk
  Path Type: min

  Des/Clust/Port     Wire Load Model       Library
  ------------------------------------------------
  cpu_interface      70000                 saed32lvt_ss0p75v25c

  Point                                                   Incr       Path
  --------------------------------------------------------------------------
  clock slow_clk (rise edge)                              0.00       0.00
  clock network delay (ideal)                             0.00       0.00
  u_response_fifo/m1/mem_reg[3][1]/CLK (DFFX1_LVT)        0.00       0.00 r
  u_response_fifo/m1/mem_reg[3][1]/Q (DFFX1_LVT)          0.18       0.18 f
  U1410/Y (AO22X1_LVT)                                    0.07       0.25 f
  u_response_fifo/m1/mem_reg[3][1]/D (DFFX1_LVT)          0.00       0.25 f
  data arrival time                                                  0.25

  clock slow_clk (rise edge)                              0.00       0.00
  clock network delay (ideal)                             0.00       0.00
  clock uncertainty                                       0.29       0.29
  u_response_fifo/m1/mem_reg[3][1]/CLK (DFFX1_LVT)        0.00       0.29 r
  library hold time                                      -0.04       0.25
  data required time                                                 0.25
  --------------------------------------------------------------------------
  data required time                                                 0.25
  data arrival time                                                 -0.25
  --------------------------------------------------------------------------
  slack (VIOLATED: increase significant digits)                      0.00


1
